UID,채무 불이행 확률
TEST_0000,0.30643886
TEST_0001,0.6074202
TEST_0002,0.46348318
TEST_0003,0.35550547
TEST_0004,0.36470237
TEST_0005,0.10700276
TEST_0006,0.7031668
TEST_0007,0.29086435
TEST_0008,0.22715124
TEST_0009,0.36318043
TEST_0010,0.4570661
TEST_0011,0.46397793
TEST_0012,0.3580482
TEST_0013,0.49376297
TEST_0014,0.38395384
TEST_0015,0.34775978
TEST_0016,0.42087188
TEST_0017,0.15956157
TEST_0018,0.22703303
TEST_0019,0.31458673
TEST_0020,0.3843955
TEST_0021,0.13098451
TEST_0022,0.27186263
TEST_0023,0.30957964
TEST_0024,0.2629058
TEST_0025,0.45266977
TEST_0026,0.42853332
TEST_0027,0.5343486
TEST_0028,0.17116734
TEST_0029,0.69944555
TEST_0030,0.2689977
TEST_0031,0.26631182
TEST_0032,0.24007095
TEST_0033,0.4160337
TEST_0034,0.41907096
TEST_0035,0.27233008
TEST_0036,0.43877035
TEST_0037,0.41837776
TEST_0038,0.2861699
TEST_0039,0.48980224
TEST_0040,0.58549607
TEST_0041,0.30587077
TEST_0042,0.16512403
TEST_0043,0.38480017
TEST_0044,0.20065545
TEST_0045,0.34228203
TEST_0046,0.33475804
TEST_0047,0.34370252
TEST_0048,0.6136563
TEST_0049,0.2986108
TEST_0050,0.4500105
TEST_0051,0.18147308
TEST_0052,0.508001
TEST_0053,0.307762
TEST_0054,0.28153226
TEST_0055,0.3246638
TEST_0056,0.18820947
TEST_0057,0.16780576
TEST_0058,0.33489323
TEST_0059,0.53094774
TEST_0060,0.14140952
TEST_0061,0.24188772
TEST_0062,0.4142288
TEST_0063,0.2934192
TEST_0064,0.38079825
TEST_0065,0.37345335
TEST_0066,0.24080008
TEST_0067,0.20098098
TEST_0068,0.26064292
TEST_0069,0.37088084
TEST_0070,0.24366069
TEST_0071,0.3187248
TEST_0072,0.38062125
TEST_0073,0.31641567
TEST_0074,0.2724866
TEST_0075,0.30501115
TEST_0076,0.26460695
TEST_0077,0.19697692
TEST_0078,0.06503756
TEST_0079,0.21031772
TEST_0080,0.25548485
TEST_0081,0.4130216
TEST_0082,0.2791449
TEST_0083,0.31386802
TEST_0084,0.31220123
TEST_0085,0.50929475
TEST_0086,0.35217267
TEST_0087,0.35444388
TEST_0088,0.16276234
TEST_0089,0.47362578
TEST_0090,0.5137949
TEST_0091,0.32067487
TEST_0092,0.49887055
TEST_0093,0.21638606
TEST_0094,0.19363931
TEST_0095,0.33603358
TEST_0096,0.25800154
TEST_0097,0.23002145
TEST_0098,0.28208187
TEST_0099,0.32966673
TEST_0100,0.20927817
TEST_0101,0.27505696
TEST_0102,0.18668966
TEST_0103,0.3080365
TEST_0104,0.61238754
TEST_0105,0.34781146
TEST_0106,0.4588685
TEST_0107,0.3324247
TEST_0108,0.11085313
TEST_0109,0.19565332
TEST_0110,0.27280992
TEST_0111,0.42497247
TEST_0112,0.32697767
TEST_0113,0.45266977
TEST_0114,0.54737264
TEST_0115,0.2601374
TEST_0116,0.45036933
TEST_0117,0.08767099
TEST_0118,0.40541694
TEST_0119,0.36377594
TEST_0120,0.14681679
TEST_0121,0.49054235
TEST_0122,0.20691441
TEST_0123,0.2466359
TEST_0124,0.3431733
TEST_0125,0.24247411
TEST_0126,0.26539433
TEST_0127,0.33270317
TEST_0128,0.27004278
TEST_0129,0.4227254
TEST_0130,0.4314985
TEST_0131,0.37287444
TEST_0132,0.34169522
TEST_0133,0.36074919
TEST_0134,0.4227254
TEST_0135,0.2777293
TEST_0136,0.56485146
TEST_0137,0.42853332
TEST_0138,0.5125963
TEST_0139,0.6315517
TEST_0140,0.3170403
TEST_0141,0.33535942
TEST_0142,0.28240407
TEST_0143,0.1747132
TEST_0144,0.42183137
TEST_0145,0.49053526
TEST_0146,0.2882241
TEST_0147,0.3708024
TEST_0148,0.4587581
TEST_0149,0.35301545
TEST_0150,0.41519883
TEST_0151,0.29085782
TEST_0152,0.4587313
TEST_0153,0.19810916
TEST_0154,0.522066
TEST_0155,0.24466056
TEST_0156,0.62945575
TEST_0157,0.22129312
TEST_0158,0.4172088
TEST_0159,0.12851529
TEST_0160,0.318997
TEST_0161,0.5381254
TEST_0162,0.22871251
TEST_0163,0.3099412
TEST_0164,0.27899
TEST_0165,0.2015962
TEST_0166,0.33148926
TEST_0167,0.45699233
TEST_0168,0.2637091
TEST_0169,0.26053047
TEST_0170,0.4963348
TEST_0171,0.41596952
TEST_0172,0.29570374
TEST_0173,0.2877274
TEST_0174,0.20646411
TEST_0175,0.3172428
TEST_0176,0.32018942
TEST_0177,0.4130216
TEST_0178,0.4046624
TEST_0179,0.49416074
TEST_0180,0.43027645
TEST_0181,0.15912029
TEST_0182,0.17311075
TEST_0183,0.17120215
TEST_0184,0.21695319
TEST_0185,0.25842586
TEST_0186,0.078049496
TEST_0187,0.4744749
TEST_0188,0.26539433
TEST_0189,0.25987986
TEST_0190,0.5709166
TEST_0191,0.21433966
TEST_0192,0.36485595
TEST_0193,0.22714356
TEST_0194,0.23020895
TEST_0195,0.28114483
TEST_0196,0.5019385
TEST_0197,0.5884227
TEST_0198,0.3534769
TEST_0199,0.73943174
TEST_0200,0.086342
TEST_0201,0.27137628
TEST_0202,0.2409682
TEST_0203,0.17356105
TEST_0204,0.4252115
TEST_0205,0.4636549
TEST_0206,0.42312282
TEST_0207,0.21369804
TEST_0208,0.2491776
TEST_0209,0.72040385
TEST_0210,0.4130216
TEST_0211,0.67301226
TEST_0212,0.46358144
TEST_0213,0.17674288
TEST_0214,0.45269972
TEST_0215,0.25117967
TEST_0216,0.24964865
TEST_0217,0.41618854
TEST_0218,0.08955113
TEST_0219,0.2365066
TEST_0220,0.39157426
TEST_0221,0.41519883
TEST_0222,0.5605833
TEST_0223,0.22363134
TEST_0224,0.24230206
TEST_0225,0.33387724
TEST_0226,0.5600312
TEST_0227,0.17405342
TEST_0228,0.30707175
TEST_0229,0.2844622
TEST_0230,0.4659904
TEST_0231,0.2488435
TEST_0232,0.35777548
TEST_0233,0.42384508
TEST_0234,0.3063077
TEST_0235,0.5990066
TEST_0236,0.34841463
TEST_0237,0.4454578
TEST_0238,0.23307614
TEST_0239,0.4653234
TEST_0240,0.42821026
TEST_0241,0.49458635
TEST_0242,0.3431733
TEST_0243,0.38949808
TEST_0244,0.23852116
TEST_0245,0.51622385
TEST_0246,0.16828206
TEST_0247,0.68154436
TEST_0248,0.3733426
TEST_0249,0.30276895
TEST_0250,0.30229837
TEST_0251,0.29285443
TEST_0252,0.7237008
TEST_0253,0.5814839
TEST_0254,0.12222382
TEST_0255,0.5125963
TEST_0256,0.34462464
TEST_0257,0.27091902
TEST_0258,0.118402064
TEST_0259,0.20405409
TEST_0260,0.16122141
TEST_0261,0.28875783
TEST_0262,0.17757846
TEST_0263,0.46007368
TEST_0264,0.441361
TEST_0265,0.30156547
TEST_0266,0.17430435
TEST_0267,0.27299523
TEST_0268,0.42916304
TEST_0269,0.33146822
TEST_0270,0.3034201
TEST_0271,0.4558698
TEST_0272,0.32178333
TEST_0273,0.67777544
TEST_0274,0.22934909
TEST_0275,0.12829223
TEST_0276,0.3171835
TEST_0277,0.33358923
TEST_0278,0.15157086
TEST_0279,0.45666185
TEST_0280,0.40696502
TEST_0281,0.15349996
TEST_0282,0.15922709
TEST_0283,0.2150418
TEST_0284,0.27425537
TEST_0285,0.28438643
TEST_0286,0.48559687
TEST_0287,0.45290184
TEST_0288,0.12788503
TEST_0289,0.110301055
TEST_0290,0.44572893
TEST_0291,0.1983207
TEST_0292,0.06857525
TEST_0293,0.17744507
TEST_0294,0.2613817
TEST_0295,0.5367813
TEST_0296,0.33413288
TEST_0297,0.17770807
TEST_0298,0.30931398
TEST_0299,0.2925466
TEST_0300,0.33286765
TEST_0301,0.21196945
TEST_0302,0.48501915
TEST_0303,0.4454199
TEST_0304,0.22449212
TEST_0305,0.3380743
TEST_0306,0.2950213
TEST_0307,0.6067091
TEST_0308,0.6586739
TEST_0309,0.35436118
TEST_0310,0.057100076
TEST_0311,0.45492786
TEST_0312,0.2985851
TEST_0313,0.2877274
TEST_0314,0.43284371
TEST_0315,0.38863656
TEST_0316,0.09574636
TEST_0317,0.441361
TEST_0318,0.25820428
TEST_0319,0.27878577
TEST_0320,0.49227643
TEST_0321,0.48827094
TEST_0322,0.7818592
TEST_0323,0.16802643
TEST_0324,0.70663476
TEST_0325,0.2443882
TEST_0326,0.5056081
TEST_0327,0.2755278
TEST_0328,0.33138993
TEST_0329,0.53094774
TEST_0330,0.17876653
TEST_0331,0.3674226
TEST_0332,0.35042787
TEST_0333,0.17484379
TEST_0334,0.4665612
TEST_0335,0.28865564
TEST_0336,0.27759358
TEST_0337,0.45290184
TEST_0338,0.28059685
TEST_0339,0.10073206
TEST_0340,0.27255684
TEST_0341,0.4858852
TEST_0342,0.3580427
TEST_0343,0.59129137
TEST_0344,0.3827123
TEST_0345,0.44724873
TEST_0346,0.38842538
TEST_0347,0.29247224
TEST_0348,0.4566021
TEST_0349,0.6573713
TEST_0350,0.31969392
TEST_0351,0.22546017
TEST_0352,0.31647032
TEST_0353,0.34273133
TEST_0354,0.17927709
TEST_0355,0.6192142
TEST_0356,0.36118373
TEST_0357,0.16905336
TEST_0358,0.32695186
TEST_0359,0.580971
TEST_0360,0.16325898
TEST_0361,0.3148372
TEST_0362,0.401565
TEST_0363,0.4878518
TEST_0364,0.27422974
TEST_0365,0.3138127
TEST_0366,0.39116323
TEST_0367,0.4184554
TEST_0368,0.3063077
TEST_0369,0.3148372
TEST_0370,0.38744503
TEST_0371,0.30784288
TEST_0372,0.23142515
TEST_0373,0.051493686
TEST_0374,0.43447235
TEST_0375,0.14186494
TEST_0376,0.44572893
TEST_0377,0.36524168
TEST_0378,0.4386355
TEST_0379,0.7023537
TEST_0380,0.23832053
TEST_0381,0.48369598
TEST_0382,0.27686638
TEST_0383,0.30962572
TEST_0384,0.14887641
TEST_0385,0.33387724
TEST_0386,0.48358658
TEST_0387,0.58909535
TEST_0388,0.18425998
TEST_0389,0.3191336
TEST_0390,0.28875902
TEST_0391,0.38997173
TEST_0392,0.39650512
TEST_0393,0.5567803
TEST_0394,0.3208728
TEST_0395,0.3333868
TEST_0396,0.52544445
TEST_0397,0.33146822
TEST_0398,0.42362282
TEST_0399,0.3208232
TEST_0400,0.36968148
TEST_0401,0.18619508
TEST_0402,0.25185302
TEST_0403,0.30277187
TEST_0404,0.4925233
TEST_0405,0.5957329
TEST_0406,0.3539623
TEST_0407,0.5418443
TEST_0408,0.2671391
TEST_0409,0.4952161
TEST_0410,0.26628995
TEST_0411,0.289801
TEST_0412,0.30238187
TEST_0413,0.16712533
TEST_0414,0.23019339
TEST_0415,0.42120832
TEST_0416,0.16412753
TEST_0417,0.7422599
TEST_0418,0.46284202
TEST_0419,0.3052292
TEST_0420,0.35944858
TEST_0421,0.44864702
TEST_0422,0.27539006
TEST_0423,0.050877415
TEST_0424,0.3698099
TEST_0425,0.46950424
TEST_0426,0.47529787
TEST_0427,0.24847296
TEST_0428,0.47659236
TEST_0429,0.44731733
TEST_0430,0.36288834
TEST_0431,0.2610597
TEST_0432,0.26733243
TEST_0433,0.25408122
TEST_0434,0.32367352
TEST_0435,0.4333049
TEST_0436,0.24203126
TEST_0437,0.6068317
TEST_0438,0.1779216
TEST_0439,0.21774887
TEST_0440,0.43280512
TEST_0441,0.27610368
TEST_0442,0.33529592
TEST_0443,0.26380554
TEST_0444,0.42415193
TEST_0445,0.30198357
TEST_0446,0.32419977
TEST_0447,0.37345335
TEST_0448,0.2655061
TEST_0449,0.32247686
TEST_0450,0.16431153
TEST_0451,0.33296302
TEST_0452,0.59432817
TEST_0453,0.22935013
TEST_0454,0.120772466
TEST_0455,0.38168225
TEST_0456,0.2449626
TEST_0457,0.33770683
TEST_0458,0.17626171
TEST_0459,0.4665612
TEST_0460,0.22390325
TEST_0461,0.4007075
TEST_0462,0.1772321
TEST_0463,0.5914662
TEST_0464,0.27437693
TEST_0465,0.054907788
TEST_0466,0.22934909
TEST_0467,0.3044497
TEST_0468,0.1767027
TEST_0469,0.19543329
TEST_0470,0.4161171
TEST_0471,0.17641027
TEST_0472,0.10116821
TEST_0473,0.1384905
TEST_0474,0.2796757
TEST_0475,0.2632074
TEST_0476,0.4622668
TEST_0477,0.30923486
TEST_0478,0.26198268
TEST_0479,0.46438366
TEST_0480,0.4730126
TEST_0481,0.31165117
TEST_0482,0.44133037
TEST_0483,0.29957646
TEST_0484,0.08075851
TEST_0485,0.34548113
TEST_0486,0.17058533
TEST_0487,0.18379793
TEST_0488,0.40392405
TEST_0489,0.27137628
TEST_0490,0.4172261
TEST_0491,0.13454369
TEST_0492,0.43329883
TEST_0493,0.49600586
TEST_0494,0.29278463
TEST_0495,0.5679325
TEST_0496,0.19141707
TEST_0497,0.5241431
TEST_0498,0.30580825
TEST_0499,0.42916304
TEST_0500,0.12660742
TEST_0501,0.15865107
TEST_0502,0.33602893
TEST_0503,0.2707934
TEST_0504,0.14952813
TEST_0505,0.22668174
TEST_0506,0.20018327
TEST_0507,0.41009933
TEST_0508,0.34651074
TEST_0509,0.29410413
TEST_0510,0.47479984
TEST_0511,0.52592033
TEST_0512,0.6052787
TEST_0513,0.10158213
TEST_0514,0.22910395
TEST_0515,0.6157871
TEST_0516,0.25915596
TEST_0517,0.46350387
TEST_0518,0.3507253
TEST_0519,0.18094857
TEST_0520,0.1849469
TEST_0521,0.105877444
TEST_0522,0.30201858
TEST_0523,0.14910425
TEST_0524,0.21401584
TEST_0525,0.29085782
TEST_0526,0.41768152
TEST_0527,0.06732233
TEST_0528,0.5886914
TEST_0529,0.6315517
TEST_0530,0.12485616
TEST_0531,0.43278033
TEST_0532,0.4130216
TEST_0533,0.39592206
TEST_0534,0.3138246
TEST_0535,0.27539006
TEST_0536,0.33072203
TEST_0537,0.23852116
TEST_0538,0.5397223
TEST_0539,0.36793303
TEST_0540,0.44219097
TEST_0541,0.24033716
TEST_0542,0.34423214
TEST_0543,0.191868
TEST_0544,0.42916304
TEST_0545,0.24207535
TEST_0546,0.36314273
TEST_0547,0.6067091
TEST_0548,0.21404953
TEST_0549,0.7238221
TEST_0550,0.09123732
TEST_0551,0.4427089
TEST_0552,0.4570661
TEST_0553,0.29621372
TEST_0554,0.38876522
TEST_0555,0.48158202
TEST_0556,0.5094373
TEST_0557,0.2923616
TEST_0558,0.23379245
TEST_0559,0.4774632
TEST_0560,0.3127447
TEST_0561,0.19841698
TEST_0562,0.35513824
TEST_0563,0.83759576
TEST_0564,0.32112852
TEST_0565,0.27194864
TEST_0566,0.24145563
TEST_0567,0.53589994
TEST_0568,0.19148229
TEST_0569,0.25283685
TEST_0570,0.33843112
TEST_0571,0.31761947
TEST_0572,0.16626865
TEST_0573,0.2466359
TEST_0574,0.38168225
TEST_0575,0.13821329
TEST_0576,0.28591168
TEST_0577,0.3935777
TEST_0578,0.18842426
TEST_0579,0.30208322
TEST_0580,0.37597537
TEST_0581,0.65604746
TEST_0582,0.3636219
TEST_0583,0.5186052
TEST_0584,0.66980875
TEST_0585,0.25443265
TEST_0586,0.32844794
TEST_0587,0.31724462
TEST_0588,0.5914662
TEST_0589,0.18266249
TEST_0590,0.40935993
TEST_0591,0.2142948
TEST_0592,0.24685974
TEST_0593,0.46349424
TEST_0594,0.39049053
TEST_0595,0.6937064
TEST_0596,0.42809853
TEST_0597,0.36288834
TEST_0598,0.42672268
TEST_0599,0.43763894
TEST_0600,0.27420434
TEST_0601,0.50929475
TEST_0602,0.38456622
TEST_0603,0.336503
TEST_0604,0.580971
TEST_0605,0.27703664
TEST_0606,0.29435492
TEST_0607,0.28322366
TEST_0608,0.14286485
TEST_0609,0.34673068
TEST_0610,0.12128727
TEST_0611,0.45888004
TEST_0612,0.34839883
TEST_0613,0.3063077
TEST_0614,0.21348435
TEST_0615,0.31312716
TEST_0616,0.5009309
TEST_0617,0.27586174
TEST_0618,0.34214863
TEST_0619,0.35885942
TEST_0620,0.43027645
TEST_0621,0.3686063
TEST_0622,0.4314985
TEST_0623,0.54393566
TEST_0624,0.45515755
TEST_0625,0.15927179
TEST_0626,0.42916304
TEST_0627,0.33073932
TEST_0628,0.35550463
TEST_0629,0.17469211
TEST_0630,0.6315517
TEST_0631,0.22983989
TEST_0632,0.31408718
TEST_0633,0.4130216
TEST_0634,0.5181467
TEST_0635,0.30214623
TEST_0636,0.4546675
TEST_0637,0.4136243
TEST_0638,0.425567
TEST_0639,0.6307743
TEST_0640,0.3719497
TEST_0641,0.5094373
TEST_0642,0.25244835
TEST_0643,0.45399258
TEST_0644,0.30445635
TEST_0645,0.21376479
TEST_0646,0.6315517
TEST_0647,0.34661996
TEST_0648,0.42069408
TEST_0649,0.47659728
TEST_0650,0.52880496
TEST_0651,0.16206676
TEST_0652,0.1983207
TEST_0653,0.59631556
TEST_0654,0.321206
TEST_0655,0.53094774
TEST_0656,0.30908614
TEST_0657,0.45005676
TEST_0658,0.28674254
TEST_0659,0.24366069
TEST_0660,0.5036773
TEST_0661,0.34370252
TEST_0662,0.112406045
TEST_0663,0.2724866
TEST_0664,0.31799352
TEST_0665,0.2539628
TEST_0666,0.4713424
TEST_0667,0.19543329
TEST_0668,0.36836207
TEST_0669,0.515297
TEST_0670,0.35691187
TEST_0671,0.17045483
TEST_0672,0.20007898
TEST_0673,0.14414008
TEST_0674,0.18993698
TEST_0675,0.3075032
TEST_0676,0.19005157
TEST_0677,0.43518233
TEST_0678,0.3355098
TEST_0679,0.54749006
TEST_0680,0.36968148
TEST_0681,0.21518983
TEST_0682,0.3230715
TEST_0683,0.5215555
TEST_0684,0.4201325
TEST_0685,0.25494257
TEST_0686,0.42312282
TEST_0687,0.27825367
TEST_0688,0.60458905
TEST_0689,0.55012125
TEST_0690,0.44572893
TEST_0691,0.2875582
TEST_0692,0.3712295
TEST_0693,0.12851515
TEST_0694,0.45379305
TEST_0695,0.7221897
TEST_0696,0.34071425
TEST_0697,0.38716477
TEST_0698,0.30501115
TEST_0699,0.33543736
TEST_0700,0.24227351
TEST_0701,0.42635673
TEST_0702,0.23729533
TEST_0703,0.21475536
TEST_0704,0.31490013
TEST_0705,0.3214906
TEST_0706,0.28616354
TEST_0707,0.25901484
TEST_0708,0.36616644
TEST_0709,0.55002534
TEST_0710,0.26799336
TEST_0711,0.14188494
TEST_0712,0.51661825
TEST_0713,0.28696838
TEST_0714,0.2015962
TEST_0715,0.5952583
TEST_0716,0.27777275
TEST_0717,0.6264815
TEST_0718,0.27345318
TEST_0719,0.3202726
TEST_0720,0.48823923
TEST_0721,0.34463808
TEST_0722,0.110277876
TEST_0723,0.3534769
TEST_0724,0.44980887
TEST_0725,0.38199693
TEST_0726,0.4276197
TEST_0727,0.24248412
TEST_0728,0.47757223
TEST_0729,0.17450632
TEST_0730,0.22363134
TEST_0731,0.32664558
TEST_0732,0.5195702
TEST_0733,0.26593772
TEST_0734,0.4384777
TEST_0735,0.4939249
TEST_0736,0.30234987
TEST_0737,0.36276197
TEST_0738,0.42562762
TEST_0739,0.11178863
TEST_0740,0.4276197
TEST_0741,0.33594576
TEST_0742,0.5741807
TEST_0743,0.42384508
TEST_0744,0.34273133
TEST_0745,0.25769016
TEST_0746,0.32066163
TEST_0747,0.54571074
TEST_0748,0.4914094
TEST_0749,0.46222362
TEST_0750,0.44473064
TEST_0751,0.25473303
TEST_0752,0.4318013
TEST_0753,0.68651295
TEST_0754,0.26892638
TEST_0755,0.40935993
TEST_0756,0.28128237
TEST_0757,0.19899927
TEST_0758,0.26436383
TEST_0759,0.2310194
TEST_0760,0.28083152
TEST_0761,0.25825295
TEST_0762,0.19901748
TEST_0763,0.25915596
TEST_0764,0.27368
TEST_0765,0.44690228
TEST_0766,0.30415913
TEST_0767,0.16693161
TEST_0768,0.64514506
TEST_0769,0.45596898
TEST_0770,0.3041951
TEST_0771,0.10440822
TEST_0772,0.06049315
TEST_0773,0.19606991
TEST_0774,0.46238738
TEST_0775,0.289938
TEST_0776,0.53612137
TEST_0777,0.26114455
TEST_0778,0.41519883
TEST_0779,0.42664376
TEST_0780,0.5337155
TEST_0781,0.10872114
TEST_0782,0.40935993
TEST_0783,0.17122461
TEST_0784,0.35533518
TEST_0785,0.33856088
TEST_0786,0.35717294
TEST_0787,0.23983571
TEST_0788,0.31740454
TEST_0789,0.349026
TEST_0790,0.31771293
TEST_0791,0.70545405
TEST_0792,0.363972
TEST_0793,0.18568122
TEST_0794,0.15930898
TEST_0795,0.10342551
TEST_0796,0.25535652
TEST_0797,0.5212783
TEST_0798,0.6005282
TEST_0799,0.32000402
TEST_0800,0.41213772
TEST_0801,0.45290184
TEST_0802,0.12565495
TEST_0803,0.3158585
TEST_0804,0.2058196
TEST_0805,0.2490701
TEST_0806,0.38744503
TEST_0807,0.26440734
TEST_0808,0.22339049
TEST_0809,0.28259668
TEST_0810,0.47108543
TEST_0811,0.1951798
TEST_0812,0.6021446
TEST_0813,0.18040405
TEST_0814,0.43940356
TEST_0815,0.18453951
TEST_0816,0.5754319
TEST_0817,0.20416221
TEST_0818,0.19780092
TEST_0819,0.37866804
TEST_0820,0.33931604
TEST_0821,0.3747656
TEST_0822,0.45401195
TEST_0823,0.25993013
TEST_0824,0.29758164
TEST_0825,0.15991075
TEST_0826,0.51092285
TEST_0827,0.08974909
TEST_0828,0.37257394
TEST_0829,0.61953473
TEST_0830,0.22832252
TEST_0831,0.35519838
TEST_0832,0.34532258
TEST_0833,0.5046221
TEST_0834,0.33544794
TEST_0835,0.23832053
TEST_0836,0.37255508
TEST_0837,0.20174813
TEST_0838,0.402638
TEST_0839,0.3002282
TEST_0840,0.1773976
TEST_0841,0.2700806
TEST_0842,0.48125297
TEST_0843,0.2984967
TEST_0844,0.6315517
TEST_0845,0.21452397
TEST_0846,0.21143992
TEST_0847,0.27890816
TEST_0848,0.42087188
TEST_0849,0.55724406
TEST_0850,0.21810618
TEST_0851,0.43267268
TEST_0852,0.29264137
TEST_0853,0.22543538
TEST_0854,0.25473684
TEST_0855,0.23171419
TEST_0856,0.47410372
TEST_0857,0.4494644
TEST_0858,0.22298807
TEST_0859,0.3636219
TEST_0860,0.42916304
TEST_0861,0.41119027
TEST_0862,0.17815928
TEST_0863,0.13701254
TEST_0864,0.3894984
TEST_0865,0.29247224
TEST_0866,0.68500197
TEST_0867,0.3878654
TEST_0868,0.22447693
TEST_0869,0.39377722
TEST_0870,0.6091531
TEST_0871,0.114689566
TEST_0872,0.0997139
TEST_0873,0.38168225
TEST_0874,0.43595827
TEST_0875,0.19077675
TEST_0876,0.4467569
TEST_0877,0.40139404
TEST_0878,0.34000078
TEST_0879,0.40874702
TEST_0880,0.23275837
TEST_0881,0.11292541
TEST_0882,0.75200844
TEST_0883,0.33247605
TEST_0884,0.22837332
TEST_0885,0.38822705
TEST_0886,0.43572593
TEST_0887,0.28675142
TEST_0888,0.18826078
TEST_0889,0.35218516
TEST_0890,0.24614781
TEST_0891,0.12338804
TEST_0892,0.5382359
TEST_0893,0.2671253
TEST_0894,0.24031234
TEST_0895,0.43027645
TEST_0896,0.5148743
TEST_0897,0.5017798
TEST_0898,0.2711944
TEST_0899,0.5899517
TEST_0900,0.33072203
TEST_0901,0.263491
TEST_0902,0.47495943
TEST_0903,0.06555071
TEST_0904,0.3718668
TEST_0905,0.38918966
TEST_0906,0.3111635
TEST_0907,0.32213652
TEST_0908,0.24591349
TEST_0909,0.19122984
TEST_0910,0.23884013
TEST_0911,0.40169054
TEST_0912,0.60903597
TEST_0913,0.44280502
TEST_0914,0.44904116
TEST_0915,0.45457554
TEST_0916,0.34247726
TEST_0917,0.20719022
TEST_0918,0.54697394
TEST_0919,0.23938675
TEST_0920,0.24241841
TEST_0921,0.19675271
TEST_0922,0.4984284
TEST_0923,0.45260292
TEST_0924,0.26256007
TEST_0925,0.28609526
TEST_0926,0.17309195
TEST_0927,0.4566021
TEST_0928,0.10538787
TEST_0929,0.20047706
TEST_0930,0.25470147
TEST_0931,0.17203306
TEST_0932,0.27025306
TEST_0933,0.20608427
TEST_0934,0.17744507
TEST_0935,0.7535392
TEST_0936,0.4266528
TEST_0937,0.28994796
TEST_0938,0.24222499
TEST_0939,0.10767161
TEST_0940,0.30823562
TEST_0941,0.39111254
TEST_0942,0.5186052
TEST_0943,0.26316044
TEST_0944,0.32844794
TEST_0945,0.3148372
TEST_0946,0.12338804
TEST_0947,0.4209078
TEST_0948,0.42989323
TEST_0949,0.22294894
TEST_0950,0.48058668
TEST_0951,0.5724589
TEST_0952,0.17268348
TEST_0953,0.38461214
TEST_0954,0.24953648
TEST_0955,0.37875918
TEST_0956,0.4381101
TEST_0957,0.3629881
TEST_0958,0.48070642
TEST_0959,0.4451856
TEST_0960,0.15974481
TEST_0961,0.2905189
TEST_0962,0.6153712
TEST_0963,0.11403874
TEST_0964,0.23672661
TEST_0965,0.2597006
TEST_0966,0.45507202
TEST_0967,0.297979
TEST_0968,0.24964865
TEST_0969,0.36851406
TEST_0970,0.44777194
TEST_0971,0.2698064
TEST_0972,0.24632926
TEST_0973,0.16605707
TEST_0974,0.39116323
TEST_0975,0.46750882
TEST_0976,0.27248192
TEST_0977,0.32966673
TEST_0978,0.20906618
TEST_0979,0.35693884
TEST_0980,0.36681566
TEST_0981,0.3011256
TEST_0982,0.26493877
TEST_0983,0.36470237
TEST_0984,0.13747424
TEST_0985,0.55800265
TEST_0986,0.14589082
TEST_0987,0.2856105
TEST_0988,0.22837332
TEST_0989,0.27284506
TEST_0990,0.26619318
TEST_0991,0.37948024
TEST_0992,0.36351287
TEST_0993,0.30452538
TEST_0994,0.4172261
TEST_0995,0.22410767
TEST_0996,0.21814457
TEST_0997,0.2765637
TEST_0998,0.41768152
TEST_0999,0.29280266
TEST_1000,0.33997288
TEST_1001,0.42672363
TEST_1002,0.4939249
TEST_1003,0.3849717
TEST_1004,0.3619175
TEST_1005,0.42120832
TEST_1006,0.27142203
TEST_1007,0.5029988
TEST_1008,0.41519883
TEST_1009,0.23920676
TEST_1010,0.3324247
TEST_1011,0.24315906
TEST_1012,0.30688044
TEST_1013,0.25226882
TEST_1014,0.47424433
TEST_1015,0.20347242
TEST_1016,0.17011732
TEST_1017,0.31423092
TEST_1018,0.100479774
TEST_1019,0.2725922
TEST_1020,0.14419894
TEST_1021,0.37040043
TEST_1022,0.3393515
TEST_1023,0.60413134
TEST_1024,0.28643915
TEST_1025,0.16660841
TEST_1026,0.46393585
TEST_1027,0.42788905
TEST_1028,0.2372444
TEST_1029,0.56582785
TEST_1030,0.25793785
TEST_1031,0.24207535
TEST_1032,0.34339684
TEST_1033,0.45290184
TEST_1034,0.27982715
TEST_1035,0.20794801
TEST_1036,0.267033
TEST_1037,0.33247605
TEST_1038,0.23109195
TEST_1039,0.4636549
TEST_1040,0.26080406
TEST_1041,0.46199134
TEST_1042,0.4665612
TEST_1043,0.47618628
TEST_1044,0.19509304
TEST_1045,0.47607115
TEST_1046,0.45991507
TEST_1047,0.4636549
TEST_1048,0.4703473
TEST_1049,0.33430326
TEST_1050,0.1568038
TEST_1051,0.3324247
TEST_1052,0.3176822
TEST_1053,0.28480464
TEST_1054,0.33072203
TEST_1055,0.39853835
TEST_1056,0.55379766
TEST_1057,0.43921322
TEST_1058,0.33072203
TEST_1059,0.33656213
TEST_1060,0.37953004
TEST_1061,0.44000918
TEST_1062,0.77002084
TEST_1063,0.5007789
TEST_1064,0.2588236
TEST_1065,0.29276446
TEST_1066,0.3099505
TEST_1067,0.31800866
TEST_1068,0.36697838
TEST_1069,0.40213057
TEST_1070,0.36288834
TEST_1071,0.3784483
TEST_1072,0.32366997
TEST_1073,0.15403436
TEST_1074,0.21452397
TEST_1075,0.5031473
TEST_1076,0.33475804
TEST_1077,0.13199143
TEST_1078,0.26043
TEST_1079,0.4253279
TEST_1080,0.29640368
TEST_1081,0.10177824
TEST_1082,0.2345448
TEST_1083,0.40056202
TEST_1084,0.36038047
TEST_1085,0.08048736
TEST_1086,0.43284371
TEST_1087,0.46279764
TEST_1088,0.22030653
TEST_1089,0.48903403
TEST_1090,0.55618685
TEST_1091,0.4730126
TEST_1092,0.31491342
TEST_1093,0.32966673
TEST_1094,0.26431787
TEST_1095,0.3541346
TEST_1096,0.26004785
TEST_1097,0.37284127
TEST_1098,0.49611706
TEST_1099,0.3282825
TEST_1100,0.24867277
TEST_1101,0.23688662
TEST_1102,0.46438366
TEST_1103,0.24366285
TEST_1104,0.23413904
TEST_1105,0.22172807
TEST_1106,0.49571863
TEST_1107,0.305546
TEST_1108,0.288779
TEST_1109,0.40687916
TEST_1110,0.22054128
TEST_1111,0.45251405
TEST_1112,0.17651185
TEST_1113,0.12539098
TEST_1114,0.603526
TEST_1115,0.18421897
TEST_1116,0.5195702
TEST_1117,0.4398185
TEST_1118,0.31398433
TEST_1119,0.28059897
TEST_1120,0.36352712
TEST_1121,0.2683882
TEST_1122,0.21601048
TEST_1123,0.49963698
TEST_1124,0.35895982
TEST_1125,0.405816
TEST_1126,0.22534509
TEST_1127,0.45253047
TEST_1128,0.3324338
TEST_1129,0.45659217
TEST_1130,0.546955
TEST_1131,0.22289515
TEST_1132,0.5471183
TEST_1133,0.23024894
TEST_1134,0.43207026
TEST_1135,0.54817414
TEST_1136,0.30135337
TEST_1137,0.30580825
TEST_1138,0.58202744
TEST_1139,0.31330323
TEST_1140,0.39625293
TEST_1141,0.3632652
TEST_1142,0.26223108
TEST_1143,0.33146822
TEST_1144,0.433768
TEST_1145,0.23559874
TEST_1146,0.48469642
TEST_1147,0.57084966
TEST_1148,0.42687476
TEST_1149,0.44731733
TEST_1150,0.35438994
TEST_1151,0.4713424
TEST_1152,0.2430523
TEST_1153,0.2995029
TEST_1154,0.30802494
TEST_1155,0.4389235
TEST_1156,0.2547134
TEST_1157,0.3431733
TEST_1158,0.21814021
TEST_1159,0.379318
TEST_1160,0.37687218
TEST_1161,0.5886914
TEST_1162,0.35330623
TEST_1163,0.12264041
TEST_1164,0.30484265
TEST_1165,0.4991255
TEST_1166,0.3850626
TEST_1167,0.34827662
TEST_1168,0.29821053
TEST_1169,0.38842538
TEST_1170,0.1478477
TEST_1171,0.315613
TEST_1172,0.21428888
TEST_1173,0.49447808
TEST_1174,0.25910622
TEST_1175,0.3383394
TEST_1176,0.23946854
TEST_1177,0.40914872
TEST_1178,0.33687717
TEST_1179,0.20641333
TEST_1180,0.6035781
TEST_1181,0.17939773
TEST_1182,0.050877415
TEST_1183,0.64514506
TEST_1184,0.254304
TEST_1185,0.40923068
TEST_1186,0.25552386
TEST_1187,0.5219951
TEST_1188,0.2381104
TEST_1189,0.33146822
TEST_1190,0.66937566
TEST_1191,0.42757115
TEST_1192,0.3060148
TEST_1193,0.4715725
TEST_1194,0.21428888
TEST_1195,0.82124555
TEST_1196,0.32012177
TEST_1197,0.33560735
TEST_1198,0.3734948
TEST_1199,0.401139
TEST_1200,0.27687368
TEST_1201,0.24680477
TEST_1202,0.251791
TEST_1203,0.27317
TEST_1204,0.20646411
TEST_1205,0.05241849
TEST_1206,0.28398126
TEST_1207,0.31152537
TEST_1208,0.43333375
TEST_1209,0.1652724
TEST_1210,0.2876877
TEST_1211,0.32244343
TEST_1212,0.2924619
TEST_1213,0.31691924
TEST_1214,0.13912362
TEST_1215,0.45843115
TEST_1216,0.44827223
TEST_1217,0.17696492
TEST_1218,0.47091952
TEST_1219,0.08198435
TEST_1220,0.21073516
TEST_1221,0.10196927
TEST_1222,0.20914945
TEST_1223,0.40169054
TEST_1224,0.4510137
TEST_1225,0.37413386
TEST_1226,0.23410958
TEST_1227,0.28128237
TEST_1228,0.122406766
TEST_1229,0.35240275
TEST_1230,0.17830877
TEST_1231,0.3431733
TEST_1232,0.31856424
TEST_1233,0.31878674
TEST_1234,0.10410254
TEST_1235,0.5924812
TEST_1236,0.7271431
TEST_1237,0.27539006
TEST_1238,0.7599117
TEST_1239,0.300756
TEST_1240,0.09416372
TEST_1241,0.23624888
TEST_1242,0.25915596
TEST_1243,0.2066124
TEST_1244,0.59651625
TEST_1245,0.44572893
TEST_1246,0.47272536
TEST_1247,0.24081333
TEST_1248,0.4876828
TEST_1249,0.30951494
TEST_1250,0.28963563
TEST_1251,0.2040376
TEST_1252,0.57324976
TEST_1253,0.4021828
TEST_1254,0.41519883
TEST_1255,0.23765945
TEST_1256,0.31163836
TEST_1257,0.26628995
TEST_1258,0.2724866
TEST_1259,0.26081464
TEST_1260,0.64514506
TEST_1261,0.14654143
TEST_1262,0.4130216
TEST_1263,0.20719022
TEST_1264,0.32213652
TEST_1265,0.4454199
TEST_1266,0.2517723
TEST_1267,0.25562462
TEST_1268,0.35370946
TEST_1269,0.40205517
TEST_1270,0.49908057
TEST_1271,0.44718903
TEST_1272,0.22492282
TEST_1273,0.23041515
TEST_1274,0.23658872
TEST_1275,0.09370661
TEST_1276,0.40553844
TEST_1277,0.1821483
TEST_1278,0.5219951
TEST_1279,0.35297695
TEST_1280,0.45581126
TEST_1281,0.41009933
TEST_1282,0.1401232
TEST_1283,0.24631771
TEST_1284,0.23655102
TEST_1285,0.20382285
TEST_1286,0.27899
TEST_1287,0.34015852
TEST_1288,0.3290521
TEST_1289,0.47414145
TEST_1290,0.6717395
TEST_1291,0.2570633
TEST_1292,0.36472347
TEST_1293,0.34841442
TEST_1294,0.19469793
TEST_1295,0.28214157
TEST_1296,0.34005016
TEST_1297,0.28696838
TEST_1298,0.46985304
TEST_1299,0.2613345
TEST_1300,0.2582129
TEST_1301,0.40874702
TEST_1302,0.31368867
TEST_1303,0.2698771
TEST_1304,0.28114483
TEST_1305,0.3148372
TEST_1306,0.28558066
TEST_1307,0.2885849
TEST_1308,0.34160408
TEST_1309,0.48567525
TEST_1310,0.58324254
TEST_1311,0.53252393
TEST_1312,0.36111695
TEST_1313,0.37257394
TEST_1314,0.44550857
TEST_1315,0.270826
TEST_1316,0.7545467
TEST_1317,0.28729942
TEST_1318,0.35141304
TEST_1319,0.6076097
TEST_1320,0.25976604
TEST_1321,0.44583887
TEST_1322,0.4443742
TEST_1323,0.4031723
TEST_1324,0.47367266
TEST_1325,0.44020686
TEST_1326,0.32308903
TEST_1327,0.3290521
TEST_1328,0.34651074
TEST_1329,0.18217786
TEST_1330,0.3708089
TEST_1331,0.49692506
TEST_1332,0.2931295
TEST_1333,0.2582129
TEST_1334,0.42069408
TEST_1335,0.38168225
TEST_1336,0.29564694
TEST_1337,0.35754383
TEST_1338,0.311121
TEST_1339,0.39759776
TEST_1340,0.49959448
TEST_1341,0.32866627
TEST_1342,0.36620227
TEST_1343,0.3378148
TEST_1344,0.45515755
TEST_1345,0.36551192
TEST_1346,0.5976821
TEST_1347,0.15847407
TEST_1348,0.73437613
TEST_1349,0.22265433
TEST_1350,0.43787822
TEST_1351,0.36773208
TEST_1352,0.1253879
TEST_1353,0.28748542
TEST_1354,0.19282295
TEST_1355,0.3632652
TEST_1356,0.1868891
TEST_1357,0.14904301
TEST_1358,0.094038345
TEST_1359,0.5118968
TEST_1360,0.24359818
TEST_1361,0.35550463
TEST_1362,0.36639476
TEST_1363,0.38390774
TEST_1364,0.59432817
TEST_1365,0.55398434
TEST_1366,0.5019537
TEST_1367,0.39616916
TEST_1368,0.47148317
TEST_1369,0.4534278
TEST_1370,0.17443591
TEST_1371,0.4970413
TEST_1372,0.5165932
TEST_1373,0.2855842
TEST_1374,0.10973707
TEST_1375,0.35440153
TEST_1376,0.15640908
TEST_1377,0.49740136
TEST_1378,0.44180807
TEST_1379,0.3388327
TEST_1380,0.33413288
TEST_1381,0.25399765
TEST_1382,0.33130187
TEST_1383,0.19664076
TEST_1384,0.18937768
TEST_1385,0.4073429
TEST_1386,0.4445925
TEST_1387,0.20641333
TEST_1388,0.31795603
TEST_1389,0.31194022
TEST_1390,0.08347191
TEST_1391,0.16755578
TEST_1392,0.42444366
TEST_1393,0.07629406
TEST_1394,0.42120832
TEST_1395,0.329505
TEST_1396,0.46279764
TEST_1397,0.34661996
TEST_1398,0.8010269
TEST_1399,0.29435492
TEST_1400,0.48030338
TEST_1401,0.1356867
TEST_1402,0.18775284
TEST_1403,0.34209847
TEST_1404,0.2135093
TEST_1405,0.2887193
TEST_1406,0.4760442
TEST_1407,0.14845537
TEST_1408,0.4252115
TEST_1409,0.71980447
TEST_1410,0.20355423
TEST_1411,0.47031236
TEST_1412,0.06511661
TEST_1413,0.13815145
TEST_1414,0.23159614
TEST_1415,0.433768
TEST_1416,0.5679424
TEST_1417,0.37239763
TEST_1418,0.33509943
TEST_1419,0.37712687
TEST_1420,0.36550948
TEST_1421,0.4130216
TEST_1422,0.37479722
TEST_1423,0.3093423
TEST_1424,0.5386004
TEST_1425,0.3644245
TEST_1426,0.2924619
TEST_1427,0.2911814
TEST_1428,0.47838265
TEST_1429,0.27890816
TEST_1430,0.48158202
TEST_1431,0.4389235
TEST_1432,0.30485463
TEST_1433,0.44306737
TEST_1434,0.40543962
TEST_1435,0.36014777
TEST_1436,0.40829793
TEST_1437,0.22910395
TEST_1438,0.35132718
TEST_1439,0.19321303
TEST_1440,0.35707188
TEST_1441,0.36288834
TEST_1442,0.26436383
TEST_1443,0.4872977
TEST_1444,0.48394692
TEST_1445,0.21010944
TEST_1446,0.51262647
TEST_1447,0.30851844
TEST_1448,0.24835643
TEST_1449,0.18034236
TEST_1450,0.31715047
TEST_1451,0.4442426
TEST_1452,0.3698099
TEST_1453,0.38650596
TEST_1454,0.36521223
TEST_1455,0.16808406
TEST_1456,0.4060979
TEST_1457,0.21914144
TEST_1458,0.6577034
TEST_1459,0.13769424
TEST_1460,0.21418586
TEST_1461,0.10901689
TEST_1462,0.096830405
TEST_1463,0.33177692
TEST_1464,0.3087224
TEST_1465,0.41278592
TEST_1466,0.20471424
TEST_1467,0.40828308
TEST_1468,0.761901
TEST_1469,0.23534952
TEST_1470,0.6527164
TEST_1471,0.5397223
TEST_1472,0.2582129
TEST_1473,0.11772063
TEST_1474,0.522066
TEST_1475,0.14432046
TEST_1476,0.2783522
TEST_1477,0.10664127
TEST_1478,0.49053526
TEST_1479,0.18019909
TEST_1480,0.25817007
TEST_1481,0.4076408
TEST_1482,0.4730126
TEST_1483,0.26747698
TEST_1484,0.2130734
TEST_1485,0.2663218
TEST_1486,0.39770505
TEST_1487,0.2274111
TEST_1488,0.5638441
TEST_1489,0.49896765
TEST_1490,0.22458395
TEST_1491,0.32142267
TEST_1492,0.14957075
TEST_1493,0.33007008
TEST_1494,0.4076094
TEST_1495,0.24443763
TEST_1496,0.48613662
TEST_1497,0.41800702
TEST_1498,0.65932244
TEST_1499,0.6157871
TEST_1500,0.2437169
TEST_1501,0.23374087
TEST_1502,0.40537822
TEST_1503,0.3298585
TEST_1504,0.8412316
TEST_1505,0.54127103
TEST_1506,0.29621372
TEST_1507,0.31949183
TEST_1508,0.7394294
TEST_1509,0.3057029
TEST_1510,0.15640908
TEST_1511,0.30580825
TEST_1512,0.7026369
TEST_1513,0.34907404
TEST_1514,0.2918388
TEST_1515,0.2087425
TEST_1516,0.25915596
TEST_1517,0.49317628
TEST_1518,0.17356105
TEST_1519,0.30687243
TEST_1520,0.41664827
TEST_1521,0.31984776
TEST_1522,0.1750667
TEST_1523,0.47426566
TEST_1524,0.3065107
TEST_1525,0.3462277
TEST_1526,0.64516896
TEST_1527,0.50086975
TEST_1528,0.24596062
TEST_1529,0.4866918
TEST_1530,0.40491825
TEST_1531,0.5092747
TEST_1532,0.3716905
TEST_1533,0.4454199
TEST_1534,0.39644456
TEST_1535,0.378543
TEST_1536,0.44572893
TEST_1537,0.1757519
TEST_1538,0.41519883
TEST_1539,0.2774752
TEST_1540,0.34247726
TEST_1541,0.32205534
TEST_1542,0.5257982
TEST_1543,0.15662484
TEST_1544,0.26034307
TEST_1545,0.59432817
TEST_1546,0.37257394
TEST_1547,0.31857336
TEST_1548,0.38896188
TEST_1549,0.11845083
TEST_1550,0.6434382
TEST_1551,0.3188879
TEST_1552,0.5448963
TEST_1553,0.33492807
TEST_1554,0.2918206
TEST_1555,0.3698099
TEST_1556,0.33089516
TEST_1557,0.44557184
TEST_1558,0.66314757
TEST_1559,0.25881228
TEST_1560,0.32209724
TEST_1561,0.25000122
TEST_1562,0.55754405
TEST_1563,0.3128957
TEST_1564,0.08022405
TEST_1565,0.26316044
TEST_1566,0.2740578
TEST_1567,0.6937064
TEST_1568,0.30162403
TEST_1569,0.27776822
TEST_1570,0.18410437
TEST_1571,0.19206125
TEST_1572,0.2698594
TEST_1573,0.47279313
TEST_1574,0.44241613
TEST_1575,0.31242493
TEST_1576,0.29312232
TEST_1577,0.27194864
TEST_1578,0.2711944
TEST_1579,0.5456601
TEST_1580,0.2928539
TEST_1581,0.15930898
TEST_1582,0.3486423
TEST_1583,0.18659142
TEST_1584,0.296105
TEST_1585,0.2713832
TEST_1586,0.34089413
TEST_1587,0.34228203
TEST_1588,0.3262505
TEST_1589,0.3535682
TEST_1590,0.6037409
TEST_1591,0.2792114
TEST_1592,0.3370813
TEST_1593,0.5148743
TEST_1594,0.22431928
TEST_1595,0.46783525
TEST_1596,0.38086626
TEST_1597,0.34876207
TEST_1598,0.33258557
TEST_1599,0.41759586
TEST_1600,0.43656954
TEST_1601,0.22054128
TEST_1602,0.16687061
TEST_1603,0.34818852
TEST_1604,0.73205674
TEST_1605,0.27903232
TEST_1606,0.22970122
TEST_1607,0.12815481
TEST_1608,0.2244677
TEST_1609,0.33597592
TEST_1610,0.27759358
TEST_1611,0.5192762
TEST_1612,0.42916304
TEST_1613,0.29543826
TEST_1614,0.2711944
TEST_1615,0.40054166
TEST_1616,0.70106626
TEST_1617,0.159665
TEST_1618,0.26966685
TEST_1619,0.33413288
TEST_1620,0.22363134
TEST_1621,0.4161171
TEST_1622,0.22366638
TEST_1623,0.17000353
TEST_1624,0.48501915
TEST_1625,0.41115484
TEST_1626,0.6181722
TEST_1627,0.3407267
TEST_1628,0.54018426
TEST_1629,0.32205534
TEST_1630,0.5179535
TEST_1631,0.19510625
TEST_1632,0.2551453
TEST_1633,0.5136713
TEST_1634,0.18464528
TEST_1635,0.2660682
TEST_1636,0.41390526
TEST_1637,0.19668765
TEST_1638,0.4161171
TEST_1639,0.50876784
TEST_1640,0.3191047
TEST_1641,0.2274705
TEST_1642,0.17155255
TEST_1643,0.5494184
TEST_1644,0.3502244
TEST_1645,0.5141125
TEST_1646,0.20148389
TEST_1647,0.30155325
TEST_1648,0.24373063
TEST_1649,0.44572893
TEST_1650,0.3202726
TEST_1651,0.22832252
TEST_1652,0.29555663
TEST_1653,0.1568666
TEST_1654,0.3482106
TEST_1655,0.35201773
TEST_1656,0.20033737
TEST_1657,0.5665385
TEST_1658,0.3202726
TEST_1659,0.77295345
TEST_1660,0.28875783
TEST_1661,0.20270266
TEST_1662,0.34176472
TEST_1663,0.37914458
TEST_1664,0.38495615
TEST_1665,0.14780214
TEST_1666,0.47347522
TEST_1667,0.5998508
TEST_1668,0.31423748
TEST_1669,0.31799352
TEST_1670,0.23797856
TEST_1671,0.3732424
TEST_1672,0.22592811
TEST_1673,0.19043168
TEST_1674,0.13126239
TEST_1675,0.5701279
TEST_1676,0.3976879
TEST_1677,0.22054128
TEST_1678,0.5133986
TEST_1679,0.34607467
TEST_1680,0.32168728
TEST_1681,0.44572893
TEST_1682,0.39025298
TEST_1683,0.501469
TEST_1684,0.4442426
TEST_1685,0.27127498
TEST_1686,0.36470237
TEST_1687,0.6157871
TEST_1688,0.3344858
TEST_1689,0.3509192
TEST_1690,0.28382272
TEST_1691,0.23634617
TEST_1692,0.16662253
TEST_1693,0.19626094
TEST_1694,0.214969
TEST_1695,0.3827826
TEST_1696,0.28059685
TEST_1697,0.32522845
TEST_1698,0.33969146
TEST_1699,0.5660507
TEST_1700,0.16024025
TEST_1701,0.61875933
TEST_1702,0.20987348
TEST_1703,0.374273
TEST_1704,0.37556905
TEST_1705,0.2759816
TEST_1706,0.47485167
TEST_1707,0.33247605
TEST_1708,0.110613585
TEST_1709,0.2137628
TEST_1710,0.2594504
TEST_1711,0.14884725
TEST_1712,0.2864341
TEST_1713,0.06951582
TEST_1714,0.40523016
TEST_1715,0.3279561
TEST_1716,0.4389235
TEST_1717,0.5284194
TEST_1718,0.7026369
TEST_1719,0.6399751
TEST_1720,0.4451856
TEST_1721,0.4389235
TEST_1722,0.49390692
TEST_1723,0.20729285
TEST_1724,0.2398025
TEST_1725,0.2449626
TEST_1726,0.23432668
TEST_1727,0.37760732
TEST_1728,0.3431733
TEST_1729,0.44529217
TEST_1730,0.48501915
TEST_1731,0.37527683
TEST_1732,0.25244835
TEST_1733,0.63101953
TEST_1734,0.42000186
TEST_1735,0.25803173
TEST_1736,0.4991255
TEST_1737,0.6045603
TEST_1738,0.26377934
TEST_1739,0.15721004
TEST_1740,0.2996404
TEST_1741,0.36951858
TEST_1742,0.29397643
TEST_1743,0.42194906
TEST_1744,0.38434514
TEST_1745,0.25400832
TEST_1746,0.59563315
TEST_1747,0.6003917
TEST_1748,0.21712296
TEST_1749,0.3882604
TEST_1750,0.31477532
TEST_1751,0.31030998
TEST_1752,0.2918885
TEST_1753,0.25886443
TEST_1754,0.33846945
TEST_1755,0.34621602
TEST_1756,0.38362268
TEST_1757,0.6281804
TEST_1758,0.30339405
TEST_1759,0.4808039
TEST_1760,0.4130216
TEST_1761,0.49631366
TEST_1762,0.33083168
TEST_1763,0.20576383
TEST_1764,0.23806006
TEST_1765,0.18454385
TEST_1766,0.3729734
TEST_1767,0.42829347
TEST_1768,0.4061369
TEST_1769,0.22499575
TEST_1770,0.73331505
TEST_1771,0.32024065
TEST_1772,0.32740024
TEST_1773,0.31731877
TEST_1774,0.41519883
TEST_1775,0.2487345
TEST_1776,0.6577034
TEST_1777,0.38504156
TEST_1778,0.17268348
TEST_1779,0.4665612
TEST_1780,0.44014204
TEST_1781,0.31478506
TEST_1782,0.7285614
TEST_1783,0.359919
TEST_1784,0.57759464
TEST_1785,0.33475804
TEST_1786,0.4402705
TEST_1787,0.42349
TEST_1788,0.50929475
TEST_1789,0.25086707
TEST_1790,0.3191221
TEST_1791,0.25915596
TEST_1792,0.47642115
TEST_1793,0.53094774
TEST_1794,0.42959645
TEST_1795,0.23361427
TEST_1796,0.09923324
TEST_1797,0.5148743
TEST_1798,0.33477083
TEST_1799,0.35847846
TEST_1800,0.272926
TEST_1801,0.2503914
TEST_1802,0.2155464
TEST_1803,0.26316044
TEST_1804,0.28051504
TEST_1805,0.22344722
TEST_1806,0.31023067
TEST_1807,0.45481482
TEST_1808,0.2706612
TEST_1809,0.5346668
TEST_1810,0.2900652
TEST_1811,0.5679424
TEST_1812,0.11767875
TEST_1813,0.33933058
TEST_1814,0.21032034
TEST_1815,0.25205714
TEST_1816,0.2582129
TEST_1817,0.25265086
TEST_1818,0.254304
TEST_1819,0.34273133
TEST_1820,0.26652133
TEST_1821,0.53094774
TEST_1822,0.45936984
TEST_1823,0.28945032
TEST_1824,0.31095707
TEST_1825,0.47642115
TEST_1826,0.2614921
TEST_1827,0.3843955
TEST_1828,0.44401628
TEST_1829,0.38913414
TEST_1830,0.17970455
TEST_1831,0.6091531
TEST_1832,0.35777548
TEST_1833,0.4516685
TEST_1834,0.60805655
TEST_1835,0.2586289
TEST_1836,0.30670753
TEST_1837,0.25915596
TEST_1838,0.4130216
TEST_1839,0.28243998
TEST_1840,0.46397793
TEST_1841,0.4182912
TEST_1842,0.30979645
TEST_1843,0.40480402
TEST_1844,0.5148743
TEST_1845,0.22634524
TEST_1846,0.38168225
TEST_1847,0.45449963
TEST_1848,0.39727095
TEST_1849,0.28544974
TEST_1850,0.24938351
TEST_1851,0.2875872
TEST_1852,0.5549011
TEST_1853,0.60458905
TEST_1854,0.41768152
TEST_1855,0.66314757
TEST_1856,0.2887125
TEST_1857,0.38752815
TEST_1858,0.31754312
TEST_1859,0.4837554
TEST_1860,0.28529736
TEST_1861,0.20210354
TEST_1862,0.3022073
TEST_1863,0.29579195
TEST_1864,0.20248203
TEST_1865,0.21714665
TEST_1866,0.44364715
TEST_1867,0.7118181
TEST_1868,0.443043
TEST_1869,0.22842957
TEST_1870,0.10661043
TEST_1871,0.11251185
TEST_1872,0.5774722
TEST_1873,0.17268348
TEST_1874,0.37045592
TEST_1875,0.16122141
TEST_1876,0.42384508
TEST_1877,0.2584619
TEST_1878,0.401565
TEST_1879,0.65392464
TEST_1880,0.27016243
TEST_1881,0.37830788
TEST_1882,0.52592033
TEST_1883,0.13738218
TEST_1884,0.34888798
TEST_1885,0.44933623
TEST_1886,0.37844485
TEST_1887,0.28977302
TEST_1888,0.29488388
TEST_1889,0.40054166
TEST_1890,0.22363134
TEST_1891,0.3556036
TEST_1892,0.33212397
TEST_1893,0.22289515
TEST_1894,0.17098121
TEST_1895,0.24218471
TEST_1896,0.18699762
TEST_1897,0.26436383
TEST_1898,0.2376799
TEST_1899,0.22795182
TEST_1900,0.15724301
TEST_1901,0.6282073
TEST_1902,0.118402064
TEST_1903,0.31269863
TEST_1904,0.19223695
TEST_1905,0.19700094
TEST_1906,0.28184226
TEST_1907,0.19684511
TEST_1908,0.36764067
TEST_1909,0.38913414
TEST_1910,0.41088012
TEST_1911,0.19069493
TEST_1912,0.20499542
TEST_1913,0.21428888
TEST_1914,0.5884227
TEST_1915,0.3286303
TEST_1916,0.22832924
TEST_1917,0.22365713
TEST_1918,0.1930587
TEST_1919,0.16429786
TEST_1920,0.2876877
TEST_1921,0.18047011
TEST_1922,0.13237
TEST_1923,0.18280818
TEST_1924,0.20023555
TEST_1925,0.29188216
TEST_1926,0.44528073
TEST_1927,0.46666098
TEST_1928,0.26966685
TEST_1929,0.64499956
TEST_1930,0.06951582
TEST_1931,0.26926833
TEST_1932,0.094739646
TEST_1933,0.34199926
TEST_1934,0.20680496
TEST_1935,0.29285443
TEST_1936,0.53298444
TEST_1937,0.40874702
TEST_1938,0.30407518
TEST_1939,0.12599462
TEST_1940,0.23059791
TEST_1941,0.25915596
TEST_1942,0.4126707
TEST_1943,0.25554383
TEST_1944,0.28649896
TEST_1945,0.37957048
TEST_1946,0.33224443
TEST_1947,0.33228058
TEST_1948,0.4675353
TEST_1949,0.37322924
TEST_1950,0.3176822
TEST_1951,0.36731592
TEST_1952,0.39309558
TEST_1953,0.40742022
TEST_1954,0.3245363
TEST_1955,0.25244153
TEST_1956,0.304509
TEST_1957,0.33475804
TEST_1958,0.23971638
TEST_1959,0.54777235
TEST_1960,0.2916798
TEST_1961,0.16412753
TEST_1962,0.43113557
TEST_1963,0.3116294
TEST_1964,0.45212018
TEST_1965,0.414153
TEST_1966,0.1451336
TEST_1967,0.41452423
TEST_1968,0.24526577
TEST_1969,0.4541913
TEST_1970,0.28666505
TEST_1971,0.40169054
TEST_1972,0.3087224
TEST_1973,0.44570053
TEST_1974,0.4713424
TEST_1975,0.13092767
TEST_1976,0.6622908
TEST_1977,0.2582129
TEST_1978,0.17030595
TEST_1979,0.4124909
TEST_1980,0.20367786
TEST_1981,0.28558066
TEST_1982,0.18741682
TEST_1983,0.4666049
TEST_1984,0.16412753
TEST_1985,0.2048611
TEST_1986,0.18508536
TEST_1987,0.6194651
TEST_1988,0.48057437
TEST_1989,0.31084302
TEST_1990,0.35286528
TEST_1991,0.24249822
TEST_1992,0.46563354
TEST_1993,0.22556482
TEST_1994,0.2058196
TEST_1995,0.16608293
TEST_1996,0.54974616
TEST_1997,0.22420695
TEST_1998,0.33825547
TEST_1999,0.3655892
TEST_2000,0.22180133
TEST_2001,0.4332191
TEST_2002,0.7143824
TEST_2003,0.59129137
TEST_2004,0.10236809
TEST_2005,0.51349527
TEST_2006,0.2517723
TEST_2007,0.29311508
TEST_2008,0.23709697
TEST_2009,0.4443742
TEST_2010,0.17638558
TEST_2011,0.28752702
TEST_2012,0.43316606
TEST_2013,0.36000106
TEST_2014,0.083596095
TEST_2015,0.28555566
TEST_2016,0.43787822
TEST_2017,0.33260533
TEST_2018,0.22501113
TEST_2019,0.17323142
TEST_2020,0.38944483
TEST_2021,0.29819605
TEST_2022,0.46762025
TEST_2023,0.27368
TEST_2024,0.22417627
TEST_2025,0.16193663
TEST_2026,0.28805202
TEST_2027,0.30355346
TEST_2028,0.31645146
TEST_2029,0.36570212
TEST_2030,0.3842605
TEST_2031,0.3235365
TEST_2032,0.34841442
TEST_2033,0.2661156
TEST_2034,0.08961197
TEST_2035,0.17570561
TEST_2036,0.28622958
TEST_2037,0.63429284
TEST_2038,0.2550982
TEST_2039,0.6181722
TEST_2040,0.4490534
TEST_2041,0.14034335
TEST_2042,0.38066593
TEST_2043,0.53094774
TEST_2044,0.3099505
TEST_2045,0.68651295
TEST_2046,0.59937304
TEST_2047,0.44572893
TEST_2048,0.5914662
TEST_2049,0.59072524
TEST_2050,0.19898097
TEST_2051,0.25141788
TEST_2052,0.30532548
TEST_2053,0.2863653
TEST_2054,0.7004909
TEST_2055,0.32244343
TEST_2056,0.42635673
TEST_2057,0.17159252
TEST_2058,0.17782323
TEST_2059,0.33269495
TEST_2060,0.30670753
TEST_2061,0.56776375
